seller_id,n_orders,n_ontime_reviewed,n_late_reviewed,overall_low_rate,avg_review,ontime_low_rate,late_low_rate,late_delivery_rate,avg_delay_vs_estimate,avg_delivery_days,cross_state_share,dominant_category,dominant_category_share,n_distinct_categories,dominant_customer_state,failure_type,low_rating_orders
891071be6ba827b591264c90c2ae8a63,84,69,15,0.19047619047619047,3.988095238095238,0.13043478260869565,0.4666666666666667,0.17857142857142858,-10.500395585317461,13.807456872795415,0.5714285714285714,fashion_bags_accessories,0.4642857142857143,9,SP,Type 1 - Delivery-Driven,16.0
fd386aa7bed2af3c7035c65506c9b4a3,66,59,7,0.15151515151515152,4.318181818181818,0.0847457627118644,0.7142857142857143,0.10606060606060606,-8.59323705808081,8.437841435185184,0.5151515151515151,stationery,0.2878787878787879,14,SP,Type 1 - Delivery-Driven,10.0
609e1a9a6c2539919b8205cf7c4e6ff0,82,81,1,0.1951219512195122,3.8658536585365852,0.19753086419753085,0.0,0.012195121951219513,-16.57483386969286,9.903953675474256,0.9512195121951219,bed_bath_table,0.975609756097561,3,SP,Type 2 - Intrinsic,16.0
897060da8b9a21f655304d50fd935913,299,266,33,0.23076923076923078,3.722408026755853,0.19172932330827067,0.5454545454545454,0.11036789297658862,-9.500772056546513,14.561163562182585,0.5652173913043478,computers_accessories,0.9632107023411371,3,SP,Type 3 - Mixed,69.0
a49928bcdf77c55c6d6e05e09a9b4ca5,94,69,25,0.39361702127659576,3.0638297872340425,0.2753623188405797,0.72,0.26595744680851063,-3.4766160608747043,17.14710832840819,0.5106382978723404,toys,0.851063829787234,3,SP,Type 3 - Mixed,37.0
25c5c91f63607446a97b143d2d535d31,147,137,10,0.16326530612244897,3.9523809523809526,0.145985401459854,0.4,0.06802721088435375,-10.984747023809524,14.483895502645503,0.8639455782312925,computers_accessories,0.9727891156462585,1,SP,Type 2 - Intrinsic,24.0
23613d49c3ac2bd302259e55c06c050c,65,55,10,0.23076923076923078,3.876923076923077,0.18181818181818182,0.5,0.15384615384615385,-10.123893340455842,14.150743589743591,0.49230769230769234,furniture_decor,0.9230769230769231,1,SP,Type 3 - Mixed,15.0
822166ed1e47908f7cfb49946d03c726,66,65,1,0.18181818181818182,4.015151515151516,0.16923076923076924,1.0,0.015151515151515152,-12.381295244107745,12.783591470258138,0.7424242424242424,bed_bath_table,0.9545454545454546,3,SP,Type 2 - Intrinsic,12.0
c33847515fa6305ce6feb1e818569f13,110,105,5,0.2,3.890909090909091,0.18095238095238095,0.6,0.045454545454545456,-15.010034301346803,9.358242003367003,0.9363636363636364,bed_bath_table,0.990909090909091,2,SP,Type 2 - Intrinsic,22.0
5058e8c1e82653974541e83690655b4a,60,52,8,0.3,3.283333333333333,0.2692307692307692,0.5,0.13333333333333333,-15.160004436728396,26.70773321759259,0.55,office_furniture,0.7166666666666667,4,SP,Type 3 - Mixed,18.0
f46490624488d3ff7ce78613913a7711,80,70,10,0.2375,3.7625,0.21428571428571427,0.4,0.125,-8.122246961805555,10.25233666087963,0.5,health_beauty,1.0,1,SP,Type 3 - Mixed,19.0
a17f621c590ea0fab3d5d883e1630ec6,59,54,5,0.15254237288135594,4.135593220338983,0.12962962962962962,0.4,0.0847457627118644,-9.287581018518518,11.807894695543,0.5084745762711864,sports_leisure,0.9830508474576272,2,SP,Type 1 - Delivery-Driven,9.0
7d13fca15225358621be4086e1eb0964,552,484,68,0.16847826086956522,4.054347826086956,0.08884297520661157,0.7352941176470589,0.12318840579710146,-10.092627356749865,15.753280411298979,0.6485507246376812,watches_gifts,0.875,7,SP,Type 1 - Delivery-Driven,93.0
c3867b4666c7d76867627c2f7fb22e21,223,197,26,0.15246636771300448,4.089686098654709,0.06091370558375635,0.8461538461538461,0.11659192825112108,-9.020978035210097,15.539161736007308,0.5426008968609866,sports_leisure,1.0,1,SP,Type 1 - Delivery-Driven,34.0
522620dcb18a6b31cd7bdf73665113a9,168,151,17,0.18452380952380953,3.9226190476190474,0.11920529801324503,0.7647058823529411,0.10119047619047619,-13.228552276234568,15.345670951829804,0.9226190476190477,consoles_games,0.5238095238095238,11,SP,Type 1 - Delivery-Driven,31.0
a673821011d0cec28146ea42f5ab767f,118,106,12,0.1694915254237288,4.0423728813559325,0.14150943396226415,0.4166666666666667,0.1016949152542373,-8.420714061519147,12.997377883709982,0.5254237288135594,bed_bath_table,0.7288135593220338,7,SP,Type 3 - Mixed,20.0
bd23da7354813347129d751591d1a6e2,83,79,4,0.1566265060240964,4.108433734939759,0.12658227848101267,0.75,0.04819277108433735,-9.38756540049085,9.871459030566712,0.46987951807228917,furniture_decor,1.0,1,SP,Type 4 - Unclear,13.0
8160255418d5aaa7dbdc9f4c64ebda44,364,304,60,0.15934065934065933,3.989010989010989,0.08552631578947369,0.5333333333333333,0.16483516483516483,-7.459867756664631,16.215202323717946,0.5659340659340659,bed_bath_table,0.9862637362637363,4,SP,Type 1 - Delivery-Driven,58.0
beadbee30901a7f61d031b6b686095ad,63,47,16,0.1746031746031746,3.9365079365079363,0.0425531914893617,0.5625,0.25396825396825395,-8.58333902851264,14.129264770723104,0.5714285714285714,health_beauty,0.8571428571428571,3,SP,Type 1 - Delivery-Driven,11.0
4e17c65a516f69d023a2ae78b84f28d6,61,57,4,0.18032786885245902,4.229508196721311,0.14035087719298245,0.75,0.06557377049180328,-21.41493738615665,13.331900235276258,0.5737704918032787,perfumery,0.47540983606557374,5,SP,Type 2 - Intrinsic,11.0
cca3071e3e9bb7d12640c9fbe2301306,664,627,37,0.1746987951807229,3.947289156626506,0.14354066985645933,0.7027027027027027,0.05572289156626506,-14.233536332831324,14.234494627816822,0.552710843373494,furniture_decor,0.641566265060241,6,SP,Type 2 - Intrinsic,116.0
f7ccf836d21b2fb1de37564105216cc1,66,60,6,0.19696969696969696,3.8484848484848486,0.15,0.6666666666666666,0.09090909090909091,-9.00164474607183,10.596371703142536,0.36363636363636365,bed_bath_table,0.9696969696969697,2,SP,Type 3 - Mixed,13.0
d20b021d3efdf267a402c402a48ea64b,77,62,15,0.18181818181818182,3.831168831168831,0.06451612903225806,0.6666666666666666,0.19480519480519481,-4.641817881192881,17.448526184463685,0.5064935064935064,furniture_decor,0.935064935064935,3,SP,Type 1 - Delivery-Driven,14.0
d1c281d3ae149232351cd8c8cc885f0d,201,182,19,0.19402985074626866,3.9054726368159205,0.17032967032967034,0.42105263157894735,0.0945273631840796,-10.529149622259077,12.971006771697072,0.5174129353233831,bed_bath_table,0.9701492537313433,2,SP,Type 3 - Mixed,39.0
f4aba7c0bca51484c30ab7bdc34bcdd1,108,101,7,0.1574074074074074,3.9444444444444446,0.12871287128712872,0.5714285714285714,0.06481481481481481,-15.10216049382716,10.979156057098765,0.5185185185185185,health_beauty,0.9537037037037037,2,SP,Type 4 - Unclear,17.0
7ddcbb64b5bc1ef36ca8c151f6ec77df,322,295,27,0.15217391304347827,4.027950310559007,0.11864406779661017,0.5185185185185185,0.08385093167701864,-9.371145905221992,12.70064685415229,0.6242236024844721,cool_stuff,0.5062111801242236,9,SP,Type 1 - Delivery-Driven,49.0
a7f13822ceb966b076af67121f87b063,72,68,4,0.2777777777777778,3.4027777777777777,0.25,0.75,0.05555555555555555,-16.08680619855967,22.12357735339506,0.6666666666666666,office_furniture,0.9305555555555556,5,SP,Type 2 - Intrinsic,20.0
dc4a0fc896dc34b0d5bfec8438291c80,218,203,15,0.19724770642201836,3.8486238532110093,0.15763546798029557,0.7333333333333333,0.06880733944954129,-10.464424588005436,14.033896799609241,0.555045871559633,bed_bath_table,0.9311926605504587,4,SP,Type 2 - Intrinsic,43.0
0b90b6df587eb83608a64ea8b390cf07,159,154,5,0.16352201257861634,4.056603773584905,0.13636363636363635,1.0,0.031446540880503145,-17.854995778010714,14.437358272187282,0.9245283018867925,computers_accessories,1.0,1,SP,Type 4 - Unclear,26.0
4e922959ae960d389249c378d1c939f5,408,365,43,0.18137254901960784,3.963235294117647,0.1506849315068493,0.4418604651162791,0.1053921568627451,-12.209574539306464,14.475545683551198,0.6102941176470589,computers_accessories,0.33578431372549017,23,SP,Type 3 - Mixed,74.0
fffd5413c0700ac820c7069d66d98c89,53,46,7,0.18867924528301888,4.018867924528302,0.13043478260869565,0.5714285714285714,0.1320754716981132,-10.678141378406707,13.330077961215933,0.5849056603773585,housewares,0.7924528301886793,3,SP,Type 1 - Delivery-Driven,10.0
18a349e75d307f4b4cc646a691ed4216,107,100,7,0.2616822429906542,3.6261682242990654,0.22,0.8571428571428571,0.06542056074766354,-13.887908878504673,11.196113815334025,0.5700934579439252,telephony,0.2336448598130841,17,SP,Type 2 - Intrinsic,28.0
1025f0e2d44d7041d6cf58b6550e0bfa,891,800,91,0.16722783389450055,4.0179573512906845,0.12875,0.5054945054945055,0.10213243546576879,-10.104953599783846,12.336452734651038,0.6442199775533108,furniture_decor,0.8608305274971941,4,SP,Type 1 - Delivery-Driven,149.0
855668e0971d4dfd7bef1b6a4133b41b,294,254,40,0.20068027210884354,3.870748299319728,0.1220472440944882,0.7,0.1360544217687075,-8.513955853174602,16.028537336230787,0.5986394557823129,baby,0.9115646258503401,3,SP,Type 1 - Delivery-Driven,59.0
98dac6635aee4995d501a3972e047414,87,80,7,0.1839080459770115,4.137931034482759,0.1625,0.42857142857142855,0.08045977011494253,-10.495481720945085,9.588039990421457,0.45977011494252873,housewares,1.0,1,SP,Type 3 - Mixed,16.0
5dceca129747e92ff8ef7a997dc4f8ca,317,297,20,0.19242902208201892,4.009463722397476,0.16161616161616163,0.65,0.06309148264984227,-10.651128380944035,11.556427079682207,0.5646687697160884,luggage_accessories,0.5709779179810726,6,SP,Type 2 - Intrinsic,61.0
7202e2ba20579a9bd1acb29e61fe71f6,50,47,3,0.16,3.98,0.14893617021276595,0.3333333333333333,0.06,-11.129444675925924,13.383422222222222,0.68,telephony,0.86,2,SP,Type 2 - Intrinsic,8.0
2138ccb85b11a4ec1e37afbd1c8eda1f,379,358,21,0.16094986807387862,3.9815303430079156,0.12290502793296089,0.8095238095238095,0.055408970976253295,-11.927173513388059,11.400342305531122,0.6411609498680739,telephony,0.8575197889182058,6,SP,Type 4 - Unclear,61.0
6039e27294dc75811c0d8a39069f52c0,62,48,14,0.1935483870967742,3.7419354838709675,0.125,0.42857142857142855,0.22580645161290322,-6.3355154196535235,18.17080570489845,0.7258064516129032,electronics,0.5645161290322581,3,SP,Type 1 - Delivery-Driven,12.0
f3da5b2ff499efb8d4a6d371d175d7dd,75,64,11,0.18666666666666668,3.9066666666666667,0.078125,0.8181818181818182,0.14666666666666667,-7.248210030864198,11.533164660493828,0.41333333333333333,housewares,0.22666666666666666,11,SP,Type 1 - Delivery-Driven,14.0
adbc26658d6c7b4b6219f9d934598091,87,73,14,0.16091954022988506,4.114942528735632,0.0684931506849315,0.6428571428571429,0.16091954022988506,-7.452103288633463,17.280556885908897,0.8735632183908046,baby,0.6436781609195402,2,SP,Type 1 - Delivery-Driven,14.0
4992e76a42cb3aad7a7047e0d3d7e729,54,50,4,0.16666666666666666,3.925925925925926,0.14,0.5,0.07407407407407407,-9.85229423868313,7.935338220164607,0.4074074074074074,housewares,0.9074074074074074,2,SP,Type 2 - Intrinsic,9.0
688756f717c462a206ad854c5027a64a,76,69,7,0.17105263157894737,3.9078947368421053,0.13043478260869565,0.5714285714285714,0.09210526315789473,-7.510469206871344,10.872681530214422,0.5921052631578947,housewares,0.8947368421052632,5,SP,Type 1 - Delivery-Driven,13.0
99eaacc9e6046db1c82b163c5f84869f,63,56,7,0.1746031746031746,4.0,0.10714285714285714,0.7142857142857143,0.1111111111111111,-8.155254078483246,14.980573192239858,0.5396825396825397,telephony,0.6825396825396826,3,SP,Type 1 - Delivery-Driven,11.0
06a2c3af7b3aee5d69171b0e14f0ee87,384,297,87,0.15885416666666666,4.018229166666667,0.06734006734006734,0.47126436781609193,0.2265625,-10.694128357687115,17.71264964916088,0.9635416666666666,health_beauty,1.0,1,SP,Type 1 - Delivery-Driven,61.0
f84a00e60c73a49e7e851c9bdca3a5bb,87,77,10,0.19540229885057472,3.8850574712643677,0.12987012987012986,0.7,0.11494252873563218,-9.530207402085992,11.850995370370368,0.735632183908046,health_beauty,0.896551724137931,2,SP,Type 1 - Delivery-Driven,17.0
3be634553519fb6536a03e1358e9fdc7,78,71,7,0.15384615384615385,4.038461538461538,0.11267605633802817,0.5714285714285714,0.08974358974358974,-9.8593873160019,10.19729359567901,0.5256410256410257,housewares,0.6666666666666666,6,SP,Type 1 - Delivery-Driven,12.0
48162d548f5b1b11b9d29d1e01f75a61,65,63,2,0.15384615384615385,4.030769230769231,0.12698412698412698,1.0,0.03076923076923077,-12.609284188034188,11.418764779202277,0.676923076923077,garden_tools,0.5076923076923077,7,SP,Type 4 - Unclear,10.0
5f2684dab12e59f83bef73ae57724e45,67,63,4,0.23880597014925373,3.791044776119403,0.19047619047619047,1.0,0.05970149253731343,-10.340204187396353,10.647301340519626,0.5223880597014925,toys,0.9253731343283582,5,SP,Type 2 - Intrinsic,16.0
5343d0649eca2a983820bfe93fc4d17e,67,60,7,0.208955223880597,3.955223880597015,0.2,0.2857142857142857,0.1044776119402985,-12.108295156163628,11.01098517827529,0.7164179104477612,furniture_decor,1.0,1,SP,Type 3 - Mixed,14.0
710e3548e02bc1d2831dfc4f1b5b14d4,128,123,5,0.3046875,3.4375,0.3008130081300813,0.4,0.0390625,-21.35585476345486,14.337784830729166,0.875,furniture_decor,0.53125,9,SP,Type 2 - Intrinsic,39.0
8e6d7754bc7e0f22c96d255ebda59eba,79,65,14,0.24050632911392406,3.6835443037974684,0.16923076923076924,0.5714285714285714,0.17721518987341772,-4.345073107126113,15.586442364041254,0.46835443037974683,computers_accessories,1.0,1,SP,Type 3 - Mixed,19.0
c31eff8334d6b3047ed34bebd4d62c36,116,99,17,0.1724137931034483,3.8879310344827585,0.13131313131313133,0.4117647058823529,0.14655172413793102,-9.413235352809707,12.909376995530012,0.49137931034482757,art,0.8620689655172413,2,SP,Type 1 - Delivery-Driven,20.0
4a3ccda38b2129705f3fb522db62ca31,62,56,6,0.1935483870967742,3.967741935483871,0.16071428571428573,0.5,0.0967741935483871,-10.514903860513737,13.468165509259261,0.5483870967741935,construction_tools_safety,0.7419354838709677,5,SP,Type 3 - Mixed,12.0
1c68394e931a64f90ea236c5ea590300,137,132,5,0.15328467153284672,3.9562043795620436,0.12878787878787878,0.8,0.0364963503649635,-14.275755356177346,16.28173602662882,0.9416058394160584,computers_accessories,0.8832116788321168,2,SP,Type 4 - Unclear,21.0
dc317f341ab0e22f39acbd9dbf9b4a1f,55,52,3,0.16363636363636364,4.1454545454545455,0.11538461538461539,1.0,0.05454545454545454,-14.249487373737376,12.409295244107739,0.9272727272727272,cool_stuff,0.9454545454545454,3,SP,Type 4 - Unclear,9.0
1ca7077d890b907f89be8c954a02686a,107,84,23,0.5981308411214953,2.392523364485981,0.5595238095238095,0.7391304347826086,0.21495327102803738,-6.026003807545863,15.537298481308413,0.4766355140186916,telephony,0.21495327102803738,2,SP,Type 3 - Mixed,64.0
440dd6ab244315c632130ecfb63827b1,91,79,12,0.15384615384615385,3.89010989010989,0.06329113924050633,0.75,0.13186813186813187,-10.58475592694343,16.616442434879932,0.6703296703296703,sports_leisure,0.967032967032967,2,SP,Type 1 - Delivery-Driven,14.0
712e6ed8aa4aa1fa65dab41fed5737e4,76,60,16,0.35526315789473684,3.3947368421052633,0.2833333333333333,0.625,0.21052631578947367,-8.987928393031188,24.163922849658867,0.9473684210526315,auto,1.0,1,SP,Type 3 - Mixed,27.0
7ad32824caee82087b3e2e5f33b1bf32,141,123,18,0.19858156028368795,3.858156028368794,0.13008130081300814,0.6666666666666666,0.1276595744680851,-9.534120042027842,11.831116446677173,0.46808510638297873,bed_bath_table,1.0,1,SP,Type 1 - Delivery-Driven,28.0
8444e55c1f13cd5c179851e5ca5ebd00,91,85,6,0.32967032967032966,3.3516483516483517,0.29411764705882354,0.8333333333333334,0.06593406593406594,-21.859639677452176,21.263063059625555,0.7692307692307693,perfumery,0.27472527472527475,12,SP,Type 2 - Intrinsic,30.0
b2479f944e1b90cf8a5de1bbfde284d6,98,84,14,0.30612244897959184,3.438775510204082,0.21428571428571427,0.8571428571428571,0.14285714285714285,-7.254725529100529,15.487201318027209,0.5102040816326531,bed_bath_table,0.9795918367346939,3,SP,Type 3 - Mixed,30.0
318f287a62ab7ac10b703ac37435a231,51,46,5,0.19607843137254902,3.9215686274509802,0.17391304347826086,0.4,0.09803921568627451,-9.191610838779956,11.519044798474946,0.49019607843137253,sports_leisure,0.5686274509803921,2,SP,Type 3 - Mixed,10.0
b17b679f4f5ce2e03ce6968c62648246,50,41,9,0.16,3.98,0.04878048780487805,0.6666666666666666,0.18,-10.83168287037037,19.22530671296296,0.64,health_beauty,0.98,2,SP,Type 1 - Delivery-Driven,8.0
4c2b230173bb36f9b240f2b8ac11786e,251,225,26,0.1752988047808765,4.0,0.13333333333333333,0.5384615384615384,0.10358565737051793,-7.324546397742364,12.967640318356205,0.5537848605577689,sports_leisure,1.0,1,SP,Type 1 - Delivery-Driven,44.0
b14db04aa7881970e83ffa9426897925,73,64,9,0.1643835616438356,3.808219178082192,0.09375,0.6666666666666666,0.1232876712328767,-9.658607464485033,16.375430460426177,0.6301369863013698,furniture_decor,0.8767123287671232,2,SP,Type 1 - Delivery-Driven,12.0
6560211a19b47992c3666cc44a7e94c0,1795,1681,114,0.15877437325905291,3.9855153203342617,0.13503866745984533,0.5087719298245614,0.06350974930362117,-10.80299797534303,9.617600955586505,0.5610027855153203,watches_gifts,0.7894150417827298,7,SP,Type 4 - Unclear,285.0
75d34ebb1bd0bd7dde40dd507b8169c3,57,48,9,0.19298245614035087,3.9298245614035086,0.16666666666666666,0.3333333333333333,0.15789473684210525,-15.794629020467838,16.047814733593242,0.8596491228070176,telephony,0.9122807017543859,4,SP,Type 3 - Mixed,11.0
e8b3a3a38279a82f0e5d006d5e5b7d2c,80,76,4,0.1625,4.0125,0.14473684210526316,0.5,0.05,-17.87005324074074,17.3070546875,0.95,consoles_games,0.55,6,SP,Type 2 - Intrinsic,13.0
11bfa66332777660bd0640ee84d47006,76,64,12,0.2236842105263158,3.9210526315789473,0.109375,0.8333333333333334,0.15789473684210525,-8.354531402290448,16.527676656920082,0.6052631578947368,health_beauty,0.5921052631578947,2,SP,Type 1 - Delivery-Driven,17.0
36a968b544695394e4e9d7572688598f,146,139,7,0.21232876712328766,3.73972602739726,0.18705035971223022,0.7142857142857143,0.04794520547945205,-11.623079575722985,10.77667855783866,0.4589041095890411,computers_accessories,0.5205479452054794,10,SP,Type 2 - Intrinsic,31.0
70c27847eca8195c983ed7e798c56743,77,70,7,0.18181818181818182,4.233766233766234,0.14285714285714285,0.5714285714285714,0.09090909090909091,-11.045306637806638,11.206502675565174,0.7402597402597403,pet_shop,1.0,1,SP,Type 3 - Mixed,14.0
dfa0c4c6229ab200a4a1336b4d7128ff,75,72,3,0.16,4.08,0.1527777777777778,0.3333333333333333,0.04,-13.948872376543214,9.857796450617284,0.9333333333333333,housewares,0.48,11,SP,Type 2 - Intrinsic,12.0
f457c46070d02cadd8a68551231220dd,178,166,12,0.17415730337078653,3.966292134831461,0.13855421686746988,0.6666666666666666,0.06741573033707865,-11.047336597482316,14.717648772367872,0.9213483146067416,computers_accessories,1.0,1,SP,Type 2 - Intrinsic,31.0
431af27f296bc6519d890aa5a05fdb11,114,96,18,0.22807017543859648,3.8157894736842106,0.13541666666666666,0.7222222222222222,0.15789473684210525,-6.457295930799221,17.34004365659519,0.5614035087719298,health_beauty,1.0,1,SP,Type 1 - Delivery-Driven,26.0
8a32e327fe2c1b3511609d81aaf9f042,125,121,4,0.16,3.944,0.1487603305785124,0.5,0.032,-14.337972685185186,8.899370648148148,0.504,furniture_decor,0.752,2,SP,Type 2 - Intrinsic,20.0
4c18691b6037662be2df78a765d98ab5,62,57,5,0.1774193548387097,3.8548387096774195,0.15789473684210525,0.4,0.08064516129032258,-10.362119362305855,9.175145982676225,0.5645161290322581,housewares,0.8709677419354839,6,SP,Type 3 - Mixed,11.0
2528513dd95219a6013d4d05176e391a,150,142,8,0.15333333333333332,4.026666666666666,0.1267605633802817,0.625,0.05333333333333334,-11.495845910493829,10.645667978395062,0.49333333333333335,home_confort,0.5933333333333334,3,SP,Type 4 - Unclear,23.0
44073f8b7e41514de3b7815dd0237f4f,141,136,5,0.20567375886524822,3.74468085106383,0.19117647058823528,0.6,0.03546099290780142,-15.257907637247179,13.169202209745206,0.9716312056737588,health_beauty,0.3404255319148936,14,SP,Type 2 - Intrinsic,29.0
cac4c8e7b1ca6252d8f20b2fc1a2e4af,70,55,15,0.2571428571428571,3.6714285714285713,0.18181818181818182,0.5333333333333333,0.21428571428571427,-5.920826223544975,18.33218402777778,0.6285714285714286,furniture_decor,0.7714285714285715,6,SP,Type 3 - Mixed,18.0
6860153b69cc696d5dcfe1cdaaafcf62,73,67,6,0.1506849315068493,4.095890410958904,0.1044776119402985,0.6666666666666666,0.0821917808219178,-9.017209696854389,9.842425957635717,0.5616438356164384,construction_tools_construction,0.9726027397260274,3,SP,Type 1 - Delivery-Driven,11.0
2eb70248d66e0e3ef83659f71b244378,182,157,25,0.47802197802197804,2.78021978021978,0.445859872611465,0.68,0.13736263736263737,-9.295283374033373,18.07311107295482,0.5604395604395604,watches_gifts,0.5934065934065934,10,SP,Type 3 - Mixed,87.0
5656537e588803a555b8eb41f07a944b,169,157,12,0.1834319526627219,3.911242603550296,0.1592356687898089,0.5,0.07100591715976332,-11.076829457045802,11.210601030024108,0.8994082840236687,electronics,0.4911242603550296,11,SP,Type 2 - Intrinsic,31.0
6fd52c528dcb38be2eea044946b811f8,66,57,9,0.36363636363636365,3.393939393939394,0.2631578947368421,1.0,0.13636363636363635,-10.04299698372615,21.567607323232323,0.5303030303030303,bed_bath_table,1.0,1,SP,Type 3 - Mixed,24.0
dd7ddc04e1b6c2c614352b383efe2d36,117,98,19,0.18803418803418803,3.8547008547008548,0.12244897959183673,0.5263157894736842,0.1623931623931624,-7.117643439379551,15.244695018201963,0.4444444444444444,pet_shop,0.8547008547008547,1,SP,Type 1 - Delivery-Driven,22.0
e62b2d6ac10570a035a30bafcf01d263,59,52,7,0.15254237288135594,3.9661016949152543,0.11538461538461539,0.42857142857142855,0.11864406779661017,-9.106204684557438,13.232595927495295,0.4745762711864407,tablets_printing_image,0.3220338983050847,11,SP,Type 1 - Delivery-Driven,9.0
54965bbe3e4f07ae045b90b0b8541f52,68,48,20,0.39705882352941174,3.176470588235294,0.16666666666666666,0.95,0.29411764705882354,-2.7911230255991284,26.300009701797386,0.9411764705882353,bed_bath_table,1.0,1,SP,Type 3 - Mixed,27.0
88460e8ebdecbfecb5f9601833981930,237,190,47,0.3037974683544304,3.4430379746835444,0.23157894736842105,0.5957446808510638,0.19831223628691982,-10.37663873261447,17.902158345053916,0.919831223628692,computers_accessories,1.0,1,SP,Type 3 - Mixed,72.0
8e6cc767478edae941d9bd9eb778d77a,98,91,7,0.15306122448979592,4.061224489795919,0.13186813186813187,0.42857142857142855,0.07142857142857142,-13.1094495228647,16.4225603505291,0.8367346938775511,housewares,0.9897959183673469,2,SP,Type 4 - Unclear,15.0
ce7d1888639e6fb06b2749cbfdac1ff7,77,70,7,0.15584415584415584,4.194805194805195,0.11428571428571428,0.5714285714285714,0.09090909090909091,-11.317610179172679,14.713933080808081,0.8571428571428571,housewares,0.8961038961038961,4,SP,Type 1 - Delivery-Driven,12.0
59b22a78efb79a4797979612b885db36,123,107,16,0.2032520325203252,3.975609756097561,0.14953271028037382,0.5625,0.13008130081300814,-9.231853357422462,12.80337962962963,0.7967479674796748,housewares,0.6666666666666666,4,SP,Type 3 - Mixed,25.0
7c67e1448b00f6e969d365cea6b010ab,960,864,96,0.253125,3.504166666666667,0.20717592592592593,0.6666666666666666,0.1,-10.636978153935184,22.417649257330247,0.6020833333333333,office_furniture,0.9041666666666667,6,SP,Type 3 - Mixed,243.0
e5a3438891c0bfdb9394643f95273d8e,213,173,40,0.16901408450704225,4.009389671361502,0.057803468208092484,0.65,0.18779342723004694,-5.776438771517997,15.713919807424794,0.5586854460093896,fashion_bags_accessories,0.6431924882629108,1,SP,Type 1 - Delivery-Driven,36.0
6973a06f484aacf400ece213dbf3d946,81,66,15,0.20987654320987653,3.7777777777777777,0.13636363636363635,0.5333333333333333,0.18518518518518517,-5.931448759716506,15.07937042752629,0.3950617283950617,computers_accessories,1.0,1,SP,Type 1 - Delivery-Driven,17.0
70a12e78e608ac31179aea7f8422044b,307,273,34,0.1986970684039088,3.804560260586319,0.14652014652014653,0.6176470588235294,0.11074918566775244,-9.623015027446012,14.766822407709013,0.6221498371335505,computers_accessories,0.34201954397394135,15,SP,Type 3 - Mixed,61.0
dd2bdf855a9172734fbc3744021ae9b9,101,95,6,0.1782178217821782,3.881188118811881,0.14736842105263157,0.6666666666666666,0.0594059405940594,-22.14073008342501,15.462083677117711,0.8217821782178217,bed_bath_table,0.7425742574257426,8,SP,Type 2 - Intrinsic,18.0
cd68562d3f44870c08922d380acae552,121,100,21,0.1652892561983471,4.016528925619835,0.08,0.5714285714285714,0.17355371900826447,-7.642195630547904,16.11492720768289,0.6198347107438017,sports_leisure,0.34710743801652894,9,SP,Type 1 - Delivery-Driven,20.0
b92e3c8f9738272ff7c59e111e108d7c,61,59,2,0.16393442622950818,4.213114754098361,0.13559322033898305,1.0,0.03278688524590164,-42.95777436247723,16.877004971159682,0.8032786885245902,furniture_decor,0.8852459016393442,4,SP,Type 4 - Unclear,10.0
e9d99831abad74458942f21e16f33f92,128,115,13,0.15625,3.9453125,0.12173913043478261,0.46153846153846156,0.1015625,-8.997526041666667,12.679159342447917,0.578125,computers_accessories,0.5859375,4,SP,Type 1 - Delivery-Driven,20.0
3c7c4a49ec3c6550809089c6a2ca9370,136,125,11,0.27205882352941174,3.6911764705882355,0.248,0.5454545454545454,0.08088235294117647,-8.612153033088235,9.679117476851852,0.3382352941176471,perfumery,1.0,1,SP,Type 3 - Mixed,37.0
d2374cbcbb3ca4ab1086534108cc3ab7,493,463,30,0.18661257606490872,3.8275862068965516,0.16846652267818574,0.4666666666666667,0.060851926977687626,-14.02761043497859,14.764146781797011,0.5091277890466531,bed_bath_table,0.9452332657200812,4,SP,Type 2 - Intrinsic,92.0
f45122a9ab94eb4f3f8953578bc0c560,180,166,14,0.16666666666666666,3.9944444444444445,0.13855421686746988,0.5,0.07777777777777778,-9.487535879629629,12.793012088477367,0.6,pet_shop,0.7,7,SP,Type 2 - Intrinsic,30.0
972d0f9cf61b499a4812cf0bfa3ad3c4,74,65,9,0.40540540540540543,3.108108108108108,0.35384615384615387,0.7777777777777778,0.12162162162162163,-8.609607576326326,18.57737033908909,0.9459459459459459,bed_bath_table,1.0,1,SP,Type 3 - Mixed,30.0
d05ae8f7a5bd1d2a690a44cd079e4e27,74,67,7,0.20270270270270271,3.945945945945946,0.16417910447761194,0.5714285714285714,0.0945945945945946,-10.341691222472473,11.565030186436438,0.6891891891891891,sports_leisure,1.0,1,SP,Type 3 - Mixed,15.0
a888faf2d1baececa6baf9c3d603ee1f,53,45,8,0.1509433962264151,4.09433962264151,0.08888888888888889,0.5,0.1509433962264151,-10.074773104472396,18.016654437456324,0.9811320754716981,perfumery,1.0,1,SP,Type 1 - Delivery-Driven,8.0
1835b56ce799e6a4dc4eddc053f04066,391,342,49,0.21994884910485935,3.7186700767263425,0.1608187134502924,0.6326530612244898,0.12531969309462915,-9.349701974992895,13.426087045325374,0.5038363171355499,bed_bath_table,0.9872122762148338,2,SP,Type 3 - Mixed,86.0
04308b1ee57b6625f47df1d56f00eedf,92,81,11,0.1956521739130435,3.9456521739130435,0.14814814814814814,0.5454545454545454,0.11956521739130435,-10.881928844605476,18.87600291867955,0.9456521739130435,health_beauty,1.0,1,SP,Type 3 - Mixed,18.0
4e7c18b98d84e05cbae3ff0ff03846c2,79,75,4,0.17721518987341772,4.215189873417722,0.14666666666666667,0.75,0.05063291139240506,-12.455260196905764,12.060283784575716,0.5949367088607594,small_appliances,0.8607594936708861,3,SP,Type 2 - Intrinsic,14.0
e5a38146df062edaf55c38afa99e42dc,118,108,10,0.16101694915254236,4.0,0.1388888888888889,0.4,0.0847457627118644,-10.263908604048966,11.720954861111112,0.5254237288135594,housewares,0.3644067796610169,9,SP,Type 3 - Mixed,19.0
1900267e848ceeba8fa32d80c1a5f5a8,371,330,41,0.16981132075471697,3.9353099730458223,0.12424242424242424,0.5365853658536586,0.1105121293800539,-8.90449164545273,13.489832191524407,0.5175202156334232,bed_bath_table,0.9838274932614556,3,SP,Type 1 - Delivery-Driven,63.0
b1fc4f64df5a0e8b6913ab38803c57a9,99,86,13,0.18181818181818182,3.9292929292929295,0.12790697674418605,0.5384615384615384,0.13131313131313133,-8.574560886644221,16.192795664983166,0.8181818181818182,watches_gifts,1.0,1,SP,Type 1 - Delivery-Driven,18.0
f27e33c6d29b5138fa9967bcd445b6d5,93,83,10,0.16129032258064516,4.096774193548387,0.13253012048192772,0.4,0.10752688172043011,-9.608998282556751,12.069667587614498,0.5698924731182796,pet_shop,0.23655913978494625,11,SP,Type 1 - Delivery-Driven,15.0
229c3efbfb0ea2058de4ccdfbc3d784a,117,115,2,0.2564102564102564,3.623931623931624,0.24347826086956523,1.0,0.017094017094017096,-11.943712606837604,10.75577318771763,0.8632478632478633,computers_accessories,1.0,1,SP,Type 2 - Intrinsic,30.0
ea566164622c6b439516ab18062c42cd,50,39,11,0.24,3.78,0.1282051282051282,0.6363636363636364,0.22,-7.391325925925925,14.027645138888888,0.54,health_beauty,0.22,9,SP,Type 1 - Delivery-Driven,12.0
bbad7e518d7af88a0897397ffdca1979,65,54,11,0.38461538461538464,3.246153846153846,0.2777777777777778,0.9090909090909091,0.16923076923076924,-8.294967414529914,13.558760505698004,0.6,baby,0.6153846153846154,8,SP,Type 3 - Mixed,25.0
7040e82f899a04d1b434b795a43b4617,203,183,20,0.2561576354679803,3.6551724137931036,0.21311475409836064,0.65,0.09852216748768473,-9.413507457580733,10.544213704159828,0.5172413793103449,audio,0.4433497536945813,10,SP,Type 3 - Mixed,52.0
4a3ca9315b744ce9f8e9374361493884,1707,1515,192,0.1751611013473931,3.885764499121265,0.12343234323432344,0.5833333333333334,0.11247803163444639,-8.728899561175119,14.603575968506586,0.5483304042179262,bed_bath_table,0.799062683069713,7,SP,Type 1 - Delivery-Driven,299.0
ef506c96320abeedfb894c34db06f478,309,283,26,0.15857605177993528,3.970873786407767,0.1166077738515901,0.6153846153846154,0.08414239482200647,-10.320887944983818,13.495916411962122,0.6893203883495146,telephony,0.9255663430420712,4,SP,Type 1 - Delivery-Driven,49.0
0be8ff43f22e456b4e0371b2245e4d01,155,145,10,0.16774193548387098,4.04516129032258,0.1310344827586207,0.7,0.06451612903225806,-11.025993802270012,10.385018891875745,0.45806451612903226,sports_leisure,0.36774193548387096,13,SP,Type 4 - Unclear,26.0
